text,lang,folder,filename
"Val de Loire","fr","Loire","Val de Loire.mp3"
"Muscadet","fr","Loire","Muscadet.mp3"
"Muscadet Sèvre et Maine","fr","Loire","Muscadet Sèvre et Maine.mp3"
"Muscadet Côtes de Grandlieu","fr","Loire","Muscadet Côtes de Grandlieu.mp3"
"Muscadet Coteaux de la Loire","fr","Loire","Muscadet Coteaux de la Loire.mp3"
"Gros Plant du Pays Nantais","fr","Loire","Gros Plant du Pays Nantais.mp3"
"Coteaux d'Ancenis","fr","Loire","Coteaux d'Ancenis.mp3"
"Fiefs Vendéens","fr","Loire","Fiefs Vendéens.mp3"
"Anjou","fr","Loire","Anjou.mp3"
"Anjou Villages","fr","Loire","Anjou Villages.mp3"
"Anjou Brissac","fr","Loire","Anjou Brissac.mp3"
"Anjou-Coteaux de la Loire","fr","Loire","Anjou-Coteaux de la Loire.mp3"
"Cabernet d'Anjou","fr","Loire","Cabernet d'Anjou.mp3"
"Rosé d'Anjou","fr","Loire","Rosé d'Anjou.mp3"
"Rosé de Loire","fr","Loire","Rosé de Loire.mp3"
"Saumur","fr","Loire","Saumur.mp3"
"Saumur-Champigny","fr","Loire","Saumur-Champigny.mp3"
"Coteaux de Saumur","fr","Loire","Coteaux de Saumur.mp3"
"Savennières","fr","Loire","Savennières.mp3"
"Savennières Roche aux Moines","fr","Loire","Savennières Roche aux Moines.mp3"
"Coulée de Serrant","fr","Loire","Coulée de Serrant.mp3"
"Coteaux du Layon","fr","Loire","Coteaux du Layon.mp3"
"Coteaux du Layon Premier Cru Chaume","fr","Loire","Coteaux du Layon Premier Cru Chaume.mp3"
"Quarts de Chaume","fr","Loire","Quarts de Chaume.mp3"
"Bonnezeaux","fr","Loire","Bonnezeaux.mp3"
"Coteaux de l'Aubance","fr","Loire","Coteaux de l'Aubance.mp3"
"Crémant de Loire","fr","Loire","Crémant de Loire.mp3"
"Haut-Poitou","fr","Loire","Haut-Poitou.mp3"
"Touraine","fr","Loire","Touraine.mp3"
"Vouvray","fr","Loire","Vouvray.mp3"
"Montlouis-sur-Loire","fr","Loire","Montlouis-sur-Loire.mp3"
"Chinon","fr","Loire","Chinon.mp3"
"Bourgueil","fr","Loire","Bourgueil.mp3"
"Saint-Nicolas-de-Bourgueil","fr","Loire","Saint-Nicolas-de-Bourgueil.mp3"
"Cheverny","fr","Loire","Cheverny.mp3"
"Cour-Cheverny","fr","Loire","Cour-Cheverny.mp3"
"Valençay","fr","Loire","Valençay.mp3"
"Coteaux du Loir","fr","Loire","Coteaux du Loir.mp3"
"Jasnières","fr","Loire","Jasnières.mp3"
"Coteaux du Vendômois","fr","Loire","Coteaux du Vendômois.mp3"
"Orléans","fr","Loire","Orléans.mp3"
"Orléans-Cléry","fr","Loire","Orléans-Cléry.mp3"
"Touraine Amboise","fr","Loire","Touraine Amboise.mp3"
"Touraine Noble Joué","fr","Loire","Touraine Noble Joué.mp3"
"Touraine Azay-le-Rideau","fr","Loire","Touraine Azay-le-Rideau.mp3"
"Sancerre","fr","Loire","Sancerre.mp3"
"Pouilly-Fumé","fr","Loire","Pouilly-Fumé.mp3"
"Pouilly-sur-Loire","fr","Loire","Pouilly-sur-Loire.mp3"
"Menetou-Salon","fr","Loire","Menetou-Salon.mp3"
"Quincy","fr","Loire","Quincy.mp3"
"Reuilly","fr","Loire","Reuilly.mp3"
"Châteaumeillant","fr","Loire","Châteaumeillant.mp3"
"Coteaux du Giennois","fr","Loire","Coteaux du Giennois.mp3"
"Saint-Pourçain","fr","Loire","Saint-Pourçain.mp3"
"Côtes d'Auvergne","fr","Loire","Côtes d'Auvergne.mp3"
"Côtes d'Auvergne Boudes","fr","Loire","Côtes d'Auvergne Boudes.mp3"
"Côtes d'Auvergne Chateaugay","fr","Loire","Côtes d'Auvergne Chateaugay.mp3"
"Côtes d'Auvergne Corent","fr","Loire","Côtes d'Auvergne Corent.mp3"
"Côtes d'Auvergne Madargues","fr","Loire","Côtes d'Auvergne Madargues.mp3"
"Ahr","de","Germany","Ahr.mp3"
"Baden","de","Germany","Baden.mp3"
"Franken","de","Germany","Franken.mp3"
"Hessische Bergstraße","de","Germany","Hessische Bergstraße.mp3"
"Mittelrhein","de","Germany","Mittelrhein.mp3"
"Mosel","de","Germany","Mosel.mp3"
"Nahe","de","Germany","Nahe.mp3"
"Pfalz","de","Germany","Pfalz.mp3"
"Rheingau","de","Germany","Rheingau.mp3"
"Rheinhessen","de","Germany","Rheinhessen.mp3"
"Saale-Unstrut","de","Germany","Saale-Unstrut.mp3"
"Sachsen","de","Germany","Sachsen.mp3"
"Württemberg","de","Germany","Württemberg.mp3"
"Badacsony","hu","Hungary","Badacsony.mp3"
"Balatonboglár","hu","Hungary","Balatonboglár.mp3"
"Balatonfüred-Csopak","hu","Hungary","Balatonfüred-Csopak.mp3"
"Balaton-felvidék","hu","Hungary","Balaton-felvidék.mp3"
"Bükk","hu","Hungary","Bükk.mp3"
"Csongrád","hu","Hungary","Csongrád.mp3"
"Eger","hu","Hungary","Eger.mp3"
"Etyek-Buda","hu","Hungary","Etyek-Buda.mp3"
"Hajós-Baja","hu","Hungary","Hajós-Baja.mp3"
"Kunság","hu","Hungary","Kunság.mp3"
"Mátra","hu","Hungary","Mátra.mp3"
"Mór","hu","Hungary","Mór.mp3"
"Neszmély","hu","Hungary","Neszmély.mp3"
"Pannonhalma","hu","Hungary","Pannonhalma.mp3"
"Pécs","hu","Hungary","Pécs.mp3"
"Somló","hu","Hungary","Somló.mp3"
"Sopron","hu","Hungary","Sopron.mp3"
"Szekszárd","hu","Hungary","Szekszárd.mp3"
"Tokaj","hu","Hungary","Tokaj.mp3"
"Tolna","hu","Hungary","Tolna.mp3"
"Villány","hu","Hungary","Villány.mp3"
"Zala","hu","Hungary","Zala.mp3"
"Amarone della Valpolicella","it","Italy","Amarone della Valpolicella.mp3"
"Recioto della Valpolicella","it","Italy","Recioto della Valpolicella.mp3"
"Bardolino Superiore","it","Italy","Bardolino Superiore.mp3"
"Soave Superiore","it","Italy","Soave Superiore.mp3"
"Recioto di Soave","it","Italy","Recioto di Soave.mp3"
"Asolo Prosecco","it","Italy","Asolo Prosecco.mp3"
"Prosecco di Conegliano Valdobbiadene","it","Italy","Prosecco di Conegliano Valdobbiadene.mp3"
"Colli Euganei Fior d'Arancio","it","Italy","Colli Euganei Fior d'Arancio.mp3"
"Barolo","it","Italy","Barolo.mp3"
"Barbaresco","it","Italy","Barbaresco.mp3"
"Barolo DOCG","it","Italy","Barolo DOCG.mp3"
"Asti Spumante / Moscato d'Asti","it","Italy","Asti Spumante / Moscato d'Asti.mp3"
"Dolcetto d'Alba","it","Italy","Dolcetto d'Alba.mp3"
"Barbera d'Asti Superiore","it","Italy","Barbera d'Asti Superiore.mp3"
"Gavi / Cortese di Gavi","it","Italy","Gavi / Cortese di Gavi.mp3"
"Chianti","it","Italy","Chianti.mp3"
"Chianti Classico","it","Italy","Chianti Classico.mp3"
"Brunello di Montalcino","it","Italy","Brunello di Montalcino.mp3"
"Vino Nobile di Montepulciano","it","Italy","Vino Nobile di Montepulciano.mp3"
"Morellino di Scansano","it","Italy","Morellino di Scansano.mp3"
"Vernaccia di San Gimignano","it","Italy","Vernaccia di San Gimignano.mp3"
"Vin Santo del Chianti Classico","it","Italy","Vin Santo del Chianti Classico.mp3"
"Bolgheri","it","Italy","Bolgheri.mp3"
"Toscana IGT","it","Italy","Toscana IGT.mp3"
"Franciacorta","it","Italy","Franciacorta.mp3"
"Oltrepò Pavese Metodo Classico","it","Italy","Oltrepò Pavese Metodo Classico.mp3"
"Valtellina Superiore","it","Italy","Valtellina Superiore.mp3"
"Sforzato di Valtellina","it","Italy","Sforzato di Valtellina.mp3"
"Trentino","it","Italy","Trentino.mp3"
"Alto Adige / Südtirol","it","Italy","Alto Adige / Südtirol.mp3"
"Teroldego Rotaliano","it","Italy","Teroldego Rotaliano.mp3"
"Trento","it","Italy","Trento.mp3"
"Collio Goriziano / Collio","it","Italy","Collio Goriziano / Collio.mp3"
"Colli Orientali del Friuli Picolit","it","Italy","Colli Orientali del Friuli Picolit.mp3"
"Ramandolo","it","Italy","Ramandolo.mp3"
"Friuli Grave","it","Italy","Friuli Grave.mp3"
"Lambrusco di Sorbara","it","Italy","Lambrusco di Sorbara.mp3"
"Pignoletto","it","Italy","Pignoletto.mp3"
"Romagna Sangiovese Superiore","it","Italy","Romagna Sangiovese Superiore.mp3"
"Verdicchio dei Castelli di Jesi","it","Italy","Verdicchio dei Castelli di Jesi.mp3"
"Conero","it","Italy","Conero.mp3"
"Offida","it","Italy","Offida.mp3"
"Torgiano Rosso Riserva","it","Italy","Torgiano Rosso Riserva.mp3"
"Sagrantino di Montefalco","it","Italy","Sagrantino di Montefalco.mp3"
"Est! Est!! Est!!! di Montefiascone","it","Italy","Est! Est!! Est!!! di Montefiascone.mp3"
"Frascati Superiore","it","Italy","Frascati Superiore.mp3"
"Cesanese del Piglio","it","Italy","Cesanese del Piglio.mp3"
"Montepulciano d'Abruzzo","it","Italy","Montepulciano d'Abruzzo.mp3"
"Montepulciano d'Abruzzo Colline Teramane","it","Italy","Montepulciano d'Abruzzo Colline Teramane.mp3"
"Trebbiano d'Abruzzo","it","Italy","Trebbiano d'Abruzzo.mp3"
"Taurasi","it","Italy","Taurasi.mp3"
"Greco di Tufo","it","Italy","Greco di Tufo.mp3"
"Fiano di Avellino","it","Italy","Fiano di Avellino.mp3"
"Primitive di Manduria","it","Italy","Primitive di Manduria.mp3"
"Primitivo di Manduria Dolce Naturale","it","Italy","Primitivo di Manduria Dolce Naturale.mp3"
"Nero di Troia / Castel del Monte Nero di Troia Riserva","it","Italy","Nero di Troia / Castel del Monte Nero di Troia Riserva.mp3"
"Aglianico del Vulture","it","Italy","Aglianico del Vulture.mp3"
"Aglianico del Vulture Superiore","it","Italy","Aglianico del Vulture Superiore.mp3"
"Cirò","it","Italy","Cirò.mp3"
"Greco di Bianco","it","Italy","Greco di Bianco.mp3"
"Etna","it","Italy","Etna.mp3"
"Cerasuolo di Vittoria","it","Italy","Cerasuolo di Vittoria.mp3"
"Marsala","it","Italy","Marsala.mp3"
"Passito di Pantelleria","it","Italy","Passito di Pantelleria.mp3"
"Cannonau di Sardegna","it","Italy","Cannonau di Sardegna.mp3"
"Vermentino di Gallura","it","Italy","Vermentino di Gallura.mp3"
"Carignano del Sulcis","it","Italy","Carignano del Sulcis.mp3"
"Cinque Terre","it","Italy","Cinque Terre.mp3"
"Rossese di Dolceacqua","it","Italy","Rossese di Dolceacqua.mp3"
"Biferno","it","Italy","Biferno.mp3"
"Tintilia del Molise","it","Italy","Tintilia del Molise.mp3"
"Vino de Rioja","es","Spain","Vino de Rioja.mp3"
"Priorato","es","Spain","Priorato.mp3"
"Ribera del Duero","es","Spain","Ribera del Duero.mp3"
"Rías Baixas","es","Spain","Rías Baixas.mp3"
"Penedés","es","Spain","Penedés.mp3"
"Cava","es","Spain","Cava.mp3"
"Jerez-Xeres-Sherry","es","Spain","Jerez-Xeres-Sherry.mp3"
"Manzanilla Sanlúcar de Barrameda","es","Spain","Manzanilla Sanlúcar de Barrameda.mp3"
"Rueda","es","Spain","Rueda.mp3"
"Toro","es","Spain","Toro.mp3"
"Bierzo","es","Spain","Bierzo.mp3"
"Jumilla","es","Spain","Jumilla.mp3"
"Vino Navarra","es","Spain","Vino Navarra.mp3"
"Somontano","es","Spain","Somontano.mp3"
"Valdepeñas","es","Spain","Valdepeñas.mp3"
"La Mancha","es","Spain","La Mancha.mp3"
"Ribeiro","es","Spain","Ribeiro.mp3"
"Ribeira Sacra","es","Spain","Ribeira Sacra.mp3"
"Valdeorras","es","Spain","Valdeorras.mp3"
"Monterrei","es","Spain","Monterrei.mp3"
"Montilla-Moriles","es","Spain","Montilla-Moriles.mp3"
"Condado de Huelva","es","Spain","Condado de Huelva.mp3"
"Binissalem","es","Spain","Binissalem.mp3"
"Alella","es","Spain","Alella.mp3"
"Montsant","es","Spain","Montsant.mp3"
"Terra Alta","es","Spain","Terra Alta.mp3"
"Cigales","es","Spain","Cigales.mp3"
"Arlanza","es","Spain","Arlanza.mp3"
"Arribes","es","Spain","Arribes.mp3"
"Empordá","es","Spain","Empordá.mp3"
"Bizkaiko Txakolina-Chacolí de Bizkaia","es","Spain","Bizkaiko Txakolina-Chacolí de Bizkaia.mp3"
"Getariako Txakolina-Chacolí de Getaria","es","Spain","Getariako Txakolina-Chacolí de Getaria.mp3"
"Arabako Txakolina-Chacolí de Álava","es","Spain","Arabako Txakolina-Chacolí de Álava.mp3"
"Yecla","es","Spain","Yecla.mp3"
"Bullas","es","Spain","Bullas.mp3"
"Vinos de Madrid","es","Spain","Vinos de Madrid.mp3"
"Ribera del Guadiana","es","Spain","Ribera del Guadiana.mp3"
"Tacoronte-Acentejo","es","Spain","Tacoronte-Acentejo.mp3"
"Lanzarote","es","Spain","Lanzarote.mp3"
"Abona","es","Spain","Abona.mp3"
"Conca de Barberá","es","Spain","Conca de Barberá.mp3"
"Utiel-Requena","es","Spain","Utiel-Requena.mp3"
"Alicante","es","Spain","Alicante.mp3"
"Valencia","es","Spain","Valencia.mp3"
"Almansa","es","Spain","Almansa.mp3"
"Manchuela","es","Spain","Manchuela.mp3"
"Méntrida","es","Spain","Méntrida.mp3"
"Uclés","es","Spain","Uclés.mp3"
"Ribera del Júcar","es","Spain","Ribera del Júcar.mp3"
"Pla de Bages","es","Spain","Pla de Bages.mp3"
"Costers del Segre","es","Spain","Costers del Segre.mp3"
"Pla i Llevant","es","Spain","Pla i Llevant.mp3"
"Tierra de León","es","Spain","Tierra de León.mp3"
"Tierra del Vino de Zamora","es","Spain","Tierra del Vino de Zamora.mp3"
"Tarragona","es","Spain","Tarragona.mp3"
"Mondéjar","es","Spain","Mondéjar.mp3"
"Calatayud","es","Spain","Calatayud.mp3"
"Campo de Borja","es","Spain","Campo de Borja.mp3"
"Cariñena","es","Spain","Cariñena.mp3"
"Málaga","es","Spain","Málaga.mp3"
"Sierras de Málaga","es","Spain","Sierras de Málaga.mp3"
"Cangas","es","Spain","Cangas.mp3"
"La Palma","es","Spain","La Palma.mp3"
"Valle de Güimar","es","Spain","Valle de Güimar.mp3"
"Valle de la Orotava","es","Spain","Valle de la Orotava.mp3"
"Ycoden-Daute-Isora","es","Spain","Ycoden-Daute-Isora.mp3"
"Gran Canaria","es","Spain","Gran Canaria.mp3"
"La Gomera","es","Spain","La Gomera.mp3"
"El Hierro","es","Spain","El Hierro.mp3"
"Las Islas Canarias","es","Spain","Las Islas Canarias.mp3"
"Rioja","es","Spain","Rioja.mp3"
"Navarra","es","Spain","Navarra.mp3"
"Priorato, Comunidad de Cataluña","es","Spain","Priorato, Comunidad de Cataluña.mp3"
"Penedés, Comunidad de Cataluña","es","Spain","Penedés, Comunidad de Cataluña.mp3"
"Cataluña","es","Spain","Cataluña.mp3"
"Ampurdán-Costa Brava","es","Spain","Ampurdán-Costa Brava.mp3"
"Binissalem-Mallorca","es","Spain","Binissalem-Mallorca.mp3"
"Chacolí de Bizkaia-Bizkaiko Txakolina","es","Spain","Chacolí de Bizkaia-Bizkaiko Txakolina.mp3"
"Chacolí de Getaria-Getariako Txakolina","es","Spain","Chacolí de Getaria-Getariako Txakolina.mp3"
"Arabako Txakolina-Txakolí de Álava","es","Spain","Arabako Txakolina-Txakolí de Álava.mp3"
"VC Cangas","es","Spain","VC Cangas.mp3"
"Granada","es","Spain","Granada.mp3"
"VC Lebrija","es","Spain","VC Lebrija.mp3"
"Sierra de Salamanca","es","Spain","Sierra de Salamanca.mp3"
"Valtiendas","es","Spain","Valtiendas.mp3"
"Valles de Benavente","es","Spain","Valles de Benavente.mp3"
"Campo de la Guardia","es","Spain","Campo de la Guardia.mp3"
"Casa del Blanco","es","Spain","Casa del Blanco.mp3"
"Pago Florentino","es","Spain","Pago Florentino.mp3"
"Pago Arínzano","es","Spain","Pago Arínzano.mp3"
"Pago Otazu","es","Spain","Pago Otazu.mp3"
"Vino de Pago Aylés","es","Spain","Vino de Pago Aylés.mp3"
"Pago de Calzadilla","es","Spain","Pago de Calzadilla.mp3"
"El Terrerazo","es","Spain","El Terrerazo.mp3"
"Pago Los Balagueses","es","Spain","Pago Los Balagueses.mp3"
"Prado Irache","es","Spain","Prado Irache.mp3"
"Dehesa del Carrizal","es","Spain","Dehesa del Carrizal.mp3"
"Dominio de Valdepusa","es","Spain","Dominio de Valdepusa.mp3"
"Finca Élez","es","Spain","Finca Élez.mp3"
"Guijoso","es","Spain","Guijoso.mp3"
"Vinho Verde","pt","Portugal","Vinho Verde.mp3"
"Trás-os-Montes","pt","Portugal","Trás-os-Montes.mp3"
"Douro","pt","Portugal","Douro.mp3"
"Porto","pt","Portugal","Porto.mp3"
"Távora-Varosa","pt","Portugal","Távora-Varosa.mp3"
"Lafões","pt","Portugal","Lafões.mp3"
"Dão","pt","Portugal","Dão.mp3"
"Bairrada","pt","Portugal","Bairrada.mp3"
"Beira Interior","pt","Portugal","Beira Interior.mp3"
"Encostas d'Aire","pt","Portugal","Encostas d'Aire.mp3"
"Óbidos","pt","Portugal","Óbidos.mp3"
"Alenquer","pt","Portugal","Alenquer.mp3"
"Arruda","pt","Portugal","Arruda.mp3"
"Torres Vedras","pt","Portugal","Torres Vedras.mp3"
"Lourinhã","pt","Portugal","Lourinhã.mp3"
"Bucelas","pt","Portugal","Bucelas.mp3"
"Carcavelos","pt","Portugal","Carcavelos.mp3"
"Colares","pt","Portugal","Colares.mp3"
"DoTejo","pt","Portugal","DoTejo.mp3"
"Setúbal","pt","Portugal","Setúbal.mp3"
"Palmela","pt","Portugal","Palmela.mp3"
"Alentejo","pt","Portugal","Alentejo.mp3"
"Lagos","pt","Portugal","Lagos.mp3"
"Portimão","pt","Portugal","Portimão.mp3"
"Lagoa","pt","Portugal","Lagoa.mp3"
"Tavira","pt","Portugal","Tavira.mp3"
"Madeira","pt","Portugal","Madeira.mp3"
"Madeirense","pt","Portugal","Madeirense.mp3"
"Graciosa","pt","Portugal","Graciosa.mp3"
"Biscoitos","pt","Portugal","Biscoitos.mp3"
"Pico","pt","Portugal","Pico.mp3"
"Minho","pt","Portugal","Minho.mp3"
"Transmontano","pt","Portugal","Transmontano.mp3"
"Duriense","pt","Portugal","Duriense.mp3"
"Terras de Cister","pt","Portugal","Terras de Cister.mp3"
"Terras do Dão","pt","Portugal","Terras do Dão.mp3"
"Beira Atlântico","pt","Portugal","Beira Atlântico.mp3"
"Terras da Beira","pt","Portugal","Terras da Beira.mp3"
"Lisboa","pt","Portugal","Lisboa.mp3"
"Tejo","pt","Portugal","Tejo.mp3"
"Península de Setúbal","pt","Portugal","Península de Setúbal.mp3"
"Alentejano","pt","Portugal","Alentejano.mp3"
"Algarve","pt","Portugal","Algarve.mp3"
"Terras Madeirenses","pt","Portugal","Terras Madeirenses.mp3"
"Açores","pt","Portugal","Açores.mp3"
"Adelaida District","en","California","Adelaida District.mp3"
"Alexander Valley","en","California","Alexander Valley.mp3"
"Alisos Canyon","en","California","Alisos Canyon.mp3"
"Alta Mesa","en","California","Alta Mesa.mp3"
"Anderson Valley","en","California","Anderson Valley.mp3"
"Antelope Valley of the California High Desert","en","California","Antelope Valley of the California High Desert.mp3"
"Arroyo Grande Valley","en","California","Arroyo Grande Valley.mp3"
"Arroyo Seco","en","California","Arroyo Seco.mp3"
"Atlas Peak","en","California","Atlas Peak.mp3"
"Ballard Canyon","en","California","Ballard Canyon.mp3"
"Ben Lomond Mountain","en","California","Ben Lomond Mountain.mp3"
"Benmore Valley","en","California","Benmore Valley.mp3"
"Bennett Valley","en","California","Bennett Valley.mp3"
"Big Valley District-Lake County","en","California","Big Valley District-Lake County.mp3"
"Borden Ranch","en","California","Borden Ranch.mp3"
"California Shenandoah Valley","en","California","California Shenandoah Valley.mp3"
"Calistoga","en","California","Calistoga.mp3"
"Capay Valley","en","California","Capay Valley.mp3"
"Carmel Valley","en","California","Carmel Valley.mp3"
"Central Coast","en","California","Central Coast.mp3"
"Chalk Hill","en","California","Chalk Hill.mp3"
"Chalone","en","California","Chalone.mp3"
"Chiles Valley","en","California","Chiles Valley.mp3"
"Cienega Valley","en","California","Cienega Valley.mp3"
"Clarksburg","en","California","Clarksburg.mp3"
"Clear Lake","en","California","Clear Lake.mp3"
"Clements Hills","en","California","Clements Hills.mp3"
"Cole Ranch","en","California","Cole Ranch.mp3"
"Comptche","en","California","Comptche.mp3"
"Contra Costa","en","California","Contra Costa.mp3"
"Coombsville","en","California","Coombsville.mp3"
"Cosumnes River","en","California","Cosumnes River.mp3"
"Covelo","en","California","Covelo.mp3"
"Creston District","en","California","Creston District.mp3"
"Crystal Springs of Napa Valley ","en","California","Crystal Springs of Napa Valley .mp3"
"Cucamonga Valley","en","California","Cucamonga Valley.mp3"
"Diablo Grande","en","California","Diablo Grande.mp3"
"Diamond Mountain District","en","California","Diamond Mountain District.mp3"
"Dos Rios","en","California","Dos Rios.mp3"
"Dry Creek Valley","en","California","Dry Creek Valley.mp3"
"Dunnigan Hills","en","California","Dunnigan Hills.mp3"
"Eagle Peak Mendocino County","en","California","Eagle Peak Mendocino County.mp3"
"Edna Valley","en","California","Edna Valley.mp3"
"El Dorado","en","California","El Dorado.mp3"
"El Pomar District","en","California","El Pomar District.mp3"
"Fair Play","en","California","Fair Play.mp3"
"Fiddletown","en","California","Fiddletown.mp3"
"Fort Ross-Seaview","en","California","Fort Ross-Seaview.mp3"
"Fountaingrove District","en","California","Fountaingrove District.mp3"
"Gabilan Mountains","en","California","Gabilan Mountains.mp3"
"Green Valley of Russian River Valley","en","California","Green Valley of Russian River Valley.mp3"
"Guenoc Valley","en","California","Guenoc Valley.mp3"
"Hames Valley","en","California","Hames Valley.mp3"
"Happy Canyon of Santa Barbara","en","California","Happy Canyon of Santa Barbara.mp3"
"High Valley","en","California","High Valley.mp3"
"Howell Mountain","en","California","Howell Mountain.mp3"
"Inwood Valley","en","California","Inwood Valley.mp3"
"Jahant","en","California","Jahant.mp3"
"Kelsey Bench-Lake County","en","California","Kelsey Bench-Lake County.mp3"
"Knights Valley","en","California","Knights Valley.mp3"
"Lamorinda","en","California","Lamorinda.mp3"
"Leona Valley","en","California","Leona Valley.mp3"
"Lime Kiln Valley","en","California","Lime Kiln Valley.mp3"
"Livermore Valley","en","California","Livermore Valley.mp3"
"Lodi","en","California","Lodi.mp3"
"Long Valley-Lake County","en","California","Long Valley-Lake County.mp3"
"Los Carneros","en","California","Los Carneros.mp3"
"Los Olivos District","en","California","Los Olivos District.mp3"
"Madera","en","California","Madera.mp3"
"Malibu Coast","en","California","Malibu Coast.mp3"
"Malibu-Newton Canyon","en","California","Malibu-Newton Canyon.mp3"
"Manton Valley","en","California","Manton Valley.mp3"
"McDowell Valley","en","California","McDowell Valley.mp3"
"Mendocino","en","California","Mendocino.mp3"
"Mendocino Ridge","en","California","Mendocino Ridge.mp3"
"Merritt Island","en","California","Merritt Island.mp3"
"Mokelumne River","en","California","Mokelumne River.mp3"
"Monterey","en","California","Monterey.mp3"
"Moon Mountain District Sonoma County","en","California","Moon Mountain District Sonoma County.mp3"
"Mt. Harlan","en","California","Mt. Harlan.mp3"
"Mt. Veeder","en","California","Mt. Veeder.mp3"
"Napa Valley","en","California","Napa Valley.mp3"
"North Coast","en","California","North Coast.mp3"
"North Yuba","en","California","North Yuba.mp3"
"Northern Sonoma","en","California","Northern Sonoma.mp3"
"Oak Knoll District of Napa Valley","en","California","Oak Knoll District of Napa Valley.mp3"
"Oakville","en","California","Oakville.mp3"
"Pacheco Pass","en","California","Pacheco Pass.mp3"
"Paicines","en","California","Paicines.mp3"
"Palos Verdes Peninsula","en","California","Palos Verdes Peninsula.mp3"
"Paso Robles","en","California","Paso Robles.mp3"
"Paso Robles Estrella District","en","California","Paso Robles Estrella District.mp3"
"Paso Robles Geneseo District","en","California","Paso Robles Geneseo District.mp3"
"Paso Robles Highlands District","en","California","Paso Robles Highlands District.mp3"
"Paso Robles Willow Creek District","en","California","Paso Robles Willow Creek District.mp3"
"Paulsell Valley","en","California","Paulsell Valley.mp3"
"Petaluma Gap","en","California","Petaluma Gap.mp3"
"Pine Mountain-Cloverdale Peak","en","California","Pine Mountain-Cloverdale Peak.mp3"
"Potter Valley","en","California","Potter Valley.mp3"
"Ramona Valley","en","California","Ramona Valley.mp3"
"Red Hills Lake County","en","California","Red Hills Lake County.mp3"
"Redwood Valley","en","California","Redwood Valley.mp3"
"River Junction","en","California","River Junction.mp3"
"Rockpile","en","California","Rockpile.mp3"
"Russian River Valley","en","California","Russian River Valley.mp3"
"Rutherford","en","California","Rutherford.mp3"
"Saddle Rock-Malibu","en","California","Saddle Rock-Malibu.mp3"
"Salado Creek","en","California","Salado Creek.mp3"
"San Antonio Valley","en","California","San Antonio Valley.mp3"
"San Benito","en","California","San Benito.mp3"
"San Bernabe","en","California","San Bernabe.mp3"
"San Francisco Bay","en","California","San Francisco Bay.mp3"
"San Juan Creek","en","California","San Juan Creek.mp3"
"San Lucas","en","California","San Lucas.mp3"
"San Luis Obispo Coast","en","California","San Luis Obispo Coast.mp3"
"San Luis Rey","en","California","San Luis Rey.mp3"
"San Miguel District","en","California","San Miguel District.mp3"
"San Pasqual Valley","en","California","San Pasqual Valley.mp3"
"San Ysidro District","en","California","San Ysidro District.mp3"
"Santa Clara Valley","en","California","Santa Clara Valley.mp3"
"Santa Cruz Mountains","en","California","Santa Cruz Mountains.mp3"
"Santa Lucia Highlands","en","California","Santa Lucia Highlands.mp3"
"Santa Margarita Ranch","en","California","Santa Margarita Ranch.mp3"
"Santa Maria Valley","en","California","Santa Maria Valley.mp3"
"Santa Ynez Valley","en","California","Santa Ynez Valley.mp3"
"Seiad Valley","en","California","Seiad Valley.mp3"
"Sierra Foothills","en","California","Sierra Foothills.mp3"
"Sierra Pelona Valley","en","California","Sierra Pelona Valley.mp3"
"Sloughhouse","en","California","Sloughhouse.mp3"
"Solano County Green Valley","en","California","Solano County Green Valley.mp3"
"Sonoma Coast","en","California","Sonoma Coast.mp3"
"Sonoma Mountain","en","California","Sonoma Mountain.mp3"
"Sonoma Valley","en","California","Sonoma Valley.mp3"
"South Coast","en","California","South Coast.mp3"
"Spring Mountain District","en","California","Spring Mountain District.mp3"
"Squaw Valley-Miramonte","en","California","Squaw Valley-Miramonte.mp3"
"St. Helena","en","California","St. Helena.mp3"
"Santa Rita Hills","en","California","Santa Rita Hills.mp3"
"Stags Leap District","en","California","Stags Leap District.mp3"
"Suisun Valley","en","California","Suisun Valley.mp3"
"Tehachapi Mountains","en","California","Tehachapi Mountains.mp3"
"Temecula","en","California","Temecula.mp3"
"Templeton Gap District","en","California","Templeton Gap District.mp3"
"Tracy Hills","en","California","Tracy Hills.mp3"
"Trinity Lakes","en","California","Trinity Lakes.mp3"
"Upper Lake Valley","en","California","Upper Lake Valley.mp3"
"West Sonoma Coast","en","California","West Sonoma Coast.mp3"
"Wild Horse Valley","en","California","Wild Horse Valley.mp3"
"Willow Creek","en","California","Willow Creek.mp3"
"Winters Highlands","en","California","Winters Highlands.mp3"
"York Mountain","en","California","York Mountain.mp3"
"Yorkville Highlands","en","California","Yorkville Highlands.mp3"
"Yountville","en","California","Yountville.mp3"
"Yucaipa Valley","en","California","Yucaipa Valley.mp3"
"Barossa Valley","en","Australia","Barossa Valley.mp3"
"Eden Valley","en","Australia","Eden Valley.mp3"
"High Eden","en","Australia","High Eden.mp3"
"Clare Valley","en","Australia","Clare Valley.mp3"
"Adelaide Hills","en","Australia","Adelaide Hills.mp3"
"Lenswood","en","Australia","Lenswood.mp3"
"Piccadilly Valley","en","Australia","Piccadilly Valley.mp3"
"Mclaren Vale","en","Australia","Mclaren Vale.mp3"
"Langhorne Creek","en","Australia","Langhorne Creek.mp3"
"Coonawarra","en","Australia","Coonawarra.mp3"
"Wrattonbully","en","Australia","Wrattonbully.mp3"
"Kangaroo Island","en","Australia","Kangaroo Island.mp3"
"Riverland","en","Australia","Riverland.mp3"
"Yarra Valley","en","Australia","Yarra Valley.mp3"
"Mornington Peninsula","en","Australia","Mornington Peninsula.mp3"
"Geelong","en","Australia","Geelong.mp3"
"Macedon Ranges","en","Australia","Macedon Ranges.mp3"
"Sunbury","en","Australia","Sunbury.mp3"
"Heathcote","en","Australia","Heathcote.mp3"
"Bendigo","en","Australia","Bendigo.mp3"
"Grampians","en","Australia","Grampians.mp3"
"Rutherglen","en","Australia","Rutherglen.mp3"
"King Valley","en","Australia","King Valley.mp3"
"Alpine Valleys","en","Australia","Alpine Valleys.mp3"
"Beechworth","en","Australia","Beechworth.mp3"
"Hunter Valley","en","Australia","Hunter Valley.mp3"
"Orange","en","Australia","Orange.mp3"
"Mudgee","en","Australia","Mudgee.mp3"
"Canberra District","en","Australia","Canberra District.mp3"
"Riverina","en","Australia","Riverina.mp3"
"Margaret River","en","Australia","Margaret River.mp3"
"Great Southern","en","Australia","Great Southern.mp3"
"Albany","en","Australia","Albany.mp3"
"Frankland River","en","Australia","Frankland River.mp3"
"Mount Barker","en","Australia","Mount Barker.mp3"
"Porongurup","en","Australia","Porongurup.mp3"
"Denmark","en","Australia","Denmark.mp3"
"Tasmania","en","Australia","Tasmania.mp3"
"Granite Belt","en","Australia","Granite Belt.mp3"
"Wairarapa","en","NewZealand","Wairarapa.mp3"
