text,lang,filename
"1er-Côtes-de-Bordeaux","fr","1er-Côtes-de-Bordeaux_AOC.mp3"
"Bordeaux Haut-Benauge","fr","Bordeaux Haut-Benauge_AOC.mp3"
"Cadillac","fr","Cadillac_AOC.mp3"
"Côtes-de-Bordeaux-Cadillac","fr","Côtes-de-Bordeaux-Cadillac_AOC.mp3"
"Côtes-de-Bordeaux-Francs","fr","Côtes-de-Bordeaux-Francs_AOC.mp3"
"Cotes-de-Bordeaux-St-Macaire","fr","Cotes-de-Bordeaux-St-Macaire_AOC.mp3"
"Entre-Deux-Mers","fr","Entre-Deux-Mers_AOC.mp3"
"Entre-deux-Mers-Haut-Benauge","fr","Entre-deux-Mers-Haut-Benauge_AOC.mp3"
"Graves-of-Vayres","fr","Graves-of-Vayres_AOC.mp3"
"Loupiac","fr","Loupiac_AOC.mp3"
"Sainte-Croix-du-Mont","fr","Sainte-Croix-du-Mont_AOC.mp3"
"St-Foy-Bordeaux","fr","St-Foy-Bordeaux_AOC.mp3"
"Graves","fr","Graves_AOC.mp3"
"Graves-Superieures","fr","Graves-Superieures_AOC.mp3"
"Pessac-Leognan","fr","Pessac-Leognan_AOC.mp3"
"Haut-Medoc","fr","Haut-Medoc_AOC.mp3"
"Listrac-Medoc","fr","Listrac-Medoc_AOC.mp3"
"Margaux","fr","Margaux_AOC.mp3"
"Medoc","fr","Medoc_AOC.mp3"
"Moulis-en-Medoc","fr","Moulis-en-Medoc_AOC.mp3"
"Pauillac","fr","Pauillac_AOC.mp3"
"St-Estephe","fr","St-Estephe_AOC.mp3"
"St-Julien","fr","St-Julien_AOC.mp3"
"Example_Region_GI","fr","Example_Region_GI.mp3"
"Bordeaux","fr","Bordeaux_AOC.mp3"
"Bordeaux-Superior","fr","Bordeaux-Superior_AOC.mp3"
"Cotes-de-Bordeaux","fr","Cotes-de-Bordeaux_AOC.mp3"
"Cremant-de-Bordeaux","fr","Cremant-de-Bordeaux_AOC.mp3"
"Blaye","fr","Blaye_AOC.mp3"
"Côtes de Blaye","fr","Côtes de Blaye_AOC.mp3"
"Côtes-de-Bordeaux","fr","Côtes-de-Bordeaux_AOC.mp3"
"Côtes-de-Bordeaux-Blaye","fr","Côtes-de-Bordeaux-Blaye_AOC.mp3"
"Cotes-de-Bourg","fr","Cotes-de-Bourg_AOC.mp3"
"Canon-Fronsac","fr","Canon-Fronsac_AOC.mp3"
"Castillon-Cotes-de-Bordeaux","fr","Castillon-Cotes-de-Bordeaux_AOC.mp3"
"Fronsac","fr","Fronsac_AOC.mp3"
"Lalande-de-Pomerol","fr","Lalande-de-Pomerol_AOC.mp3"
"Lussac-St-Emilion","fr","Lussac-St-Emilion_AOC.mp3"
"Montagne-St-Emilion","fr","Montagne-St-Emilion_AOC.mp3"
"Pomerol","fr","Pomerol_AOC.mp3"
"Puisseguin-St-Emilion","fr","Puisseguin-St-Emilion_AOC.mp3"
"St-Emilion","fr","St-Emilion_AOC.mp3"
"St-Emilion-Grand-Cru","fr","St-Emilion-Grand-Cru_AOC.mp3"
"St-Georges-St-Emilion","fr","St-Georges-St-Emilion_AOC.mp3"
"Barsac","fr","Barsac_AOC.mp3"
"Cerons","fr","Cerons_AOC.mp3"
"Sauternes","fr","Sauternes_AOC.mp3"
"Château Coutet","fr","Château Coutet.mp3"
"Château Climens","fr","Château Climens.mp3"
"Château Doisy-Daëne","fr","Château Doisy-Daëne.mp3"
"Château Doisy-Védrines","fr","Château Doisy-Védrines.mp3"
"Château de Myrat","fr","Château de Myrat.mp3"
"Château Nairac","fr","Château Nairac.mp3"
"Château Gravas","fr","Château Gravas.mp3"
"Château Caillou","fr","Château Caillou.mp3"
"Château Simon","fr","Château Simon.mp3"
"Château Haut-Brion","fr","Château Haut-Brion.mp3"
"Château Pape Clément","fr","Château Pape Clément.mp3"
"Château La Mission Haut-Brion","fr","Château La Mission Haut-Brion.mp3"
"Château Carbonnieux","fr","Château Carbonnieux.mp3"
"Château Smith Haut Lafitte","fr","Château Smith Haut Lafitte.mp3"
"Château Malartic-Lagravière","fr","Château Malartic-Lagravière.mp3"
"Château Olivier","fr","Château Olivier.mp3"
"Château Latour-Martillac","fr","Château Latour-Martillac.mp3"
"Château Bouscaut","fr","Château Bouscaut.mp3"
"Château Belgrave","fr","Château Belgrave.mp3"
"Château Camensac","fr","Château Camensac.mp3"
"Château La Tour Carnet","fr","Château La Tour Carnet.mp3"
"Château Clarke","fr","Château Clarke.mp3"
"Château Fourcas Dupré","fr","Château Fourcas Dupré.mp3"
"Château Fourcas-Hosten","fr","Château Fourcas-Hosten.mp3"
"Château Margaux","fr","Château Margaux.mp3"
"Château Rauzan-Ségla","fr","Château Rauzan-Ségla.mp3"
"Château Lascombes","fr","Château Lascombes.mp3"
"Château Brane-Cantenac","fr","Château Brane-Cantenac.mp3"
"Château Palmer","fr","Château Palmer.mp3"
"Château d’Issan","fr","Château d’Issan.mp3"
"Château Kirwan","fr","Château Kirwan.mp3"
"Château Cantenac-Brown","fr","Château Cantenac-Brown.mp3"
"Château Marquis de Terme","fr","Château Marquis de Terme.mp3"
"Château Boyd-Cantenac","fr","Château Boyd-Cantenac.mp3"
"Château Cantemerle","fr","Château Cantemerle.mp3"
"Château Durfort-Vivens","fr","Château Durfort-Vivens.mp3"
"Château Giscours","fr","Château Giscours.mp3"
"Château Malescot Saint-Exupéry","fr","Château Malescot Saint-Exupéry.mp3"
"Château Pouget","fr","Château Pouget.mp3"
"Château Prieuré-Lichine","fr","Château Prieuré-Lichine.mp3"
"Château Chasse-Spleen","fr","Château Chasse-Spleen.mp3"
"Château Maucaillou","fr","Château Maucaillou.mp3"
"Château Poujeaux","fr","Château Poujeaux.mp3"
"Château Lafite Rothschild","fr","Château Lafite Rothschild.mp3"
"Château Latour","fr","Château Latour.mp3"
"Château Mouton Rothschild","fr","Château Mouton Rothschild.mp3"
"Château Pichon Baron","fr","Château Pichon Baron.mp3"
"Château Pichon Lalande","fr","Château Pichon Lalande.mp3"
"Château Pontet-Canet","fr","Château Pontet-Canet.mp3"
"Château Lynch-Bages","fr","Château Lynch-Bages.mp3"
"Château Grand-Puy-Lacoste","fr","Château Grand-Puy-Lacoste.mp3"
"Château Batailley","fr","Château Batailley.mp3"
"Château Haut-Batailley","fr","Château Haut-Batailley.mp3"
"Château Clerc Milon","fr","Château Clerc Milon.mp3"
"Château Croizet-Bages","fr","Château Croizet-Bages.mp3"
"Château d'Armailhac","fr","Château d'Armailhac.mp3"
"Château Duhart-Milon","fr","Château Duhart-Milon.mp3"
"Château Grand-Puy Ducasse","fr","Château Grand-Puy Ducasse.mp3"
"Château Haut-Bages-Libéral","fr","Château Haut-Bages-Libéral.mp3"
"Château Lynch-Moussas","fr","Château Lynch-Moussas.mp3"
"Château Pédesclaux","fr","Château Pédesclaux.mp3"
"Château Haut-Brion","fr","Château Haut-Brion.mp3"
"Château Pape Clément","fr","Château Pape Clément.mp3"
"Château La Mission Haut-Brion","fr","Château La Mission Haut-Brion.mp3"
"Château Smith Haut Lafitte","fr","Château Smith Haut Lafitte.mp3"
"Château Carbonnieux","fr","Château Carbonnieux.mp3"
"Château Malartic-Lagravière","fr","Château Malartic-Lagravière.mp3"
"Château Latour-Martillac","fr","Château Latour-Martillac.mp3"
"Château Olivier","fr","Château Olivier.mp3"
"Château Bouscaut","fr","Château Bouscaut.mp3"
"Château Pétrus","fr","Château Pétrus.mp3"
"Château Lafleur","fr","Château Lafleur.mp3"
"Château Le Pin","fr","Château Le Pin.mp3"
"Château Trotanoy","fr","Château Trotanoy.mp3"
"Château La Conseillante","fr","Château La Conseillante.mp3"
"Château L'Évangile","fr","Château L'Évangile.mp3"
"Château Clinet","fr","Château Clinet.mp3"
"Château Gazin","fr","Château Gazin.mp3"
"Château Nénin","fr","Château Nénin.mp3"
"Château d'Yquem","fr","Château d'Yquem.mp3"
"Château Suduiraut","fr","Château Suduiraut.mp3"
"Château Guiraud","fr","Château Guiraud.mp3"
"Château Rieussec","fr","Château Rieussec.mp3"
"Château Coutet","fr","Château Coutet.mp3"
"Château Climens","fr","Château Climens.mp3"
"Château La Tour Blanche","fr","Château La Tour Blanche.mp3"
"Château Filhot","fr","Château Filhot.mp3"
"Château Doisy-Daëne","fr","Château Doisy-Daëne.mp3"
"Château Doisy-Védrines","fr","Château Doisy-Védrines.mp3"
"Château de Myrat","fr","Château de Myrat.mp3"
"Château Cheval Blanc","fr","Château Cheval Blanc.mp3"
"Château Ausone","fr","Château Ausone.mp3"
"Château Pavie","fr","Château Pavie.mp3"
"Château Angélus","fr","Château Angélus.mp3"
"Château Figeac","fr","Château Figeac.mp3"
"Château Canon","fr","Château Canon.mp3"
"Château La Gaffelière","fr","Château La Gaffelière.mp3"
"Château Troplong Mondot","fr","Château Troplong Mondot.mp3"
"Château Valandraud","fr","Château Valandraud.mp3"
"Château Cos d'Estournel","fr","Château Cos d'Estournel.mp3"
"Château Montrose","fr","Château Montrose.mp3"
"Château Calon-Ségur","fr","Château Calon-Ségur.mp3"
"Château Lafon-Rochet","fr","Château Lafon-Rochet.mp3"
"Château Meyney","fr","Château Meyney.mp3"
"Château Phélan Ségur","fr","Château Phélan Ségur.mp3"
"Château Haut-Marbuzet","fr","Château Haut-Marbuzet.mp3"
"Château Le Boscq","fr","Château Le Boscq.mp3"
"Château Lilian Ladouys","fr","Château Lilian Ladouys.mp3"
"Château Cos Labory","fr","Château Cos Labory.mp3"
"Château Léoville Las Cases","fr","Château Léoville Las Cases.mp3"
"Château Léoville Barton","fr","Château Léoville Barton.mp3"
"Château Léoville Poyferré","fr","Château Léoville Poyferré.mp3"
"Château Ducru-Beaucaillou","fr","Château Ducru-Beaucaillou.mp3"
"Château Gruaud Larose","fr","Château Gruaud Larose.mp3"
"Château Lagrange","fr","Château Lagrange.mp3"
"Château Talbot","fr","Château Talbot.mp3"
"Château Branaire-Ducru","fr","Château Branaire-Ducru.mp3"
"Château Beychevelle","fr","Château Beychevelle.mp3"
"Château Langoa Barton","fr","Château Langoa Barton.mp3"
